tconst,genre
tt0032338,Comedy
tt0060188,War
tt0016029,Biography
tt0054847,War
tt0056415,Horror
tt0059496,Comedy
tt0022550,Romance
tt0039661,Thriller
tt0049147,Comedy
tt0046816,War
tt0035017,Horror
tt0055998,Biography
tt0024264,Drama
tt0035211,Biography
tt0035979,Comedy
tt0049201,Adventure
tt0062138,Thriller
tt0049010,Drama
tt0051720,Romance
tt0054067,Adventure
tt0052077,Sci-Fi
tt0045112,Romance
tt0037077,Drama
tt0053065,Drama
tt0061452,Thriller
tt0059377,Drama
tt0052289,Sci-Fi
tt0054997,Drama
tt0039668,Drama
tt0022802,Drama
tt0059205,Horror
tt0059417,Biography
tt0051398,Romance
tt0023634,Drama
tt0015864,Adventure
tt0044937,Romance
tt0059812,War
tt0038991,Mystery
tt0021309,Animation
tt0041513,unknown
tt0038965,Mystery
tt0062898,Drama
tt0052378,War
tt0022913,Horror
tt0024852,Animation
tt0041841,War
tt0038700,Romance
tt0032152,Drama
tt0062844,War
tt0053390,Drama
tt0035753,War
tt0026104,Biography
tt0024188,Horror
tt0046874,Romance
tt0059578,unknown
tt0047094,Drama
tt0060584,War
tt0031750,Romance
tt0038890,Drama
tt0049710,Action
tt0033317,Adventure
tt0024617,Romance
tt0060543,Drama
tt0034546,Crime
tt0048545,Drama
tt0052286,Sci-Fi
tt0052997,Comedy
tt0032325,Mystery
tt0029942,Drama
tt0024844,Adventure
tt0037469,Thriller
tt0050610,Thriller
tt0028683,Romance
tt0038762,unknown
tt0060545,Romance
tt0045518,Adventure
tt0056327,Horror
tt0052969,Horror
tt0044420,Adventure
tt0015224,Adventure
tt0046912,Thriller
tt0051866,Crime
tt0053039,Crime
tt0062006,Horror
tt0046878,Crime
tt0052961,Drama
tt0049866,Comedy
tt0052156,Adventure
tt0056058,Drama
tt0061796,Adventure
tt0058275,Comedy
tt0031580,Drama
tt0055747,Romance
tt0061407,Comedy
tt0062235,Horror
tt0043614,Drama
tt0059199,Sci-Fi
tt0062776,Drama
tt0054749,Drama
tt0042788,Crime
tt0054743,Drama
tt0050147,Fantasy
tt0059715,Drama
tt0054357,Adventure
tt0061456,Comedy
tt0024966,War
tt0040068,Comedy
tt0038824,Drama
tt0054949,War
tt0056197,War
tt0022395,Drama
tt0033253,Drama
tt0031971,Adventure
tt0037630,Romance
tt0056930,Drama
tt0060457,Comedy
tt0023686,Biography
tt0029442,Adventure
tt0032155,Biography
tt0022485,Music
tt0033723,Comedy
tt0033373,Comedy
tt0047528,Drama
tt0058458,Drama
tt0088939,Drama
tt0082350,Thriller
tt0088333,Adventure
tt0066919,Comedy
tt0080439,Comedy
tt0072869,Drama
tt0090660,Thriller
tt0091777,Comedy
tt0079450,Drama
tt0097257,Comedy
tt0064147,Thriller
tt0073043,Horror
tt0066154,Drama
tt0087425,Comedy
tt0098649,Family
tt0088763,Sci-Fi
tt0086978,Comedy
tt0065528,War
tt0068902,Crime
tt0070215,Mystery
tt0068240,Action
tt0094027,Drama
tt0100475,Thriller
tt0096241,Drama
tt0064393,Comedy
tt0085478,Comedy
tt0076155,Romance
tt0094850,Horror
tt0083922,Drama
tt0086349,Horror
tt0065416,Drama
tt0095665,Thriller
tt0101492,Horror
tt0067372,Drama
tt0094701,Thriller
tt0070537,Horror
tt0076312,Romance
tt0100339,Sci-Fi
tt0081427,Comedy
tt0100470,Drama
tt0096908,Drama
tt0064356,Drama
tt0093870,Sci-Fi
tt0074554,Thriller
tt0077745,Horror
tt0098022,Comedy
tt0088074,Thriller
tt0063218,Drama
tt0070061,Romance
tt0092695,Animation
tt0099492,Drama
tt0063371,Documentary
tt0092608,Comedy
tt0073155,Romance
tt0101649,Action
tt0072820,Comedy
tt0078326,Crime
tt0093431,Drama
tt0091671,Horror
tt0093223,Mystery
tt0096894,Drama
tt0099172,Drama
tt0086998,Action
tt0065988,Comedy
tt0074286,Comedy
tt0094021,Thriller
tt0085180,Drama
tt0095756,Sci-Fi
tt0089371,Comedy
tt0073679,Mystery
tt0083296,Drama
tt0091149,Adventure
tt0083271,Comedy
tt0084652,Romance
tt0065180,Drama
tt0080905,Action
tt0074252,Comedy
tt0081250,Thriller
tt0087328,Drama
tt0097636,Crime
tt0093966,Thriller
tt0077292,Action
tt0066982,Horror
tt0079944,Thriller
tt0096786,Horror
tt0101526,Adventure
tt0074921,Drama
tt0091706,Thriller
tt0080610,Drama
tt0095238,Horror
tt0101256,Horror
tt0086197,Biography
tt0065168,Horror
tt0097503,Horror
tt0099810,Thriller
tt0068257,Comedy
tt0074599,Drama
tt0082094,Horror
tt0068646,Crime
tt0080979,War
tt0087798,Horror
tt0068379,Romance
tt0063501,Action
tt0064866,Drama
tt0083254,Family
tt0067123,Sci-Fi
tt0077660,Comedy
tt0064338,Adventure
tt0085327,Comedy
tt0094846,Romance
tt0080486,Horror
tt0095276,Drama
tt0066728,Comedy
tt0086345,Sci-Fi
tt0084504,Adventure
tt0078778,Action
tt0085387,Comedy
tt0095715,Animation
tt0097870,Comedy
tt0078418,Drama
tt0070842,Comedy
tt0089800,Animation
tt0080623,Comedy
tt0078435,Sci-Fi
tt0145503,Adventure
tt0104409,Horror
tt0110361,Drama
tt0118660,Drama
tt0113674,Horror
tt0114429,War
tt0184756,Drama
tt0179182,Romance
tt0253997,Sci-Fi
tt0177226,Action
tt0256692,Comedy
tt0113808,Comedy
tt0114996,Romance
tt0151691,Action
tt0128985,Comedy
tt0252468,Action
tt0103773,Horror
tt0116506,Thriller
tt0113063,Thriller
tt0103848,Adventure
tt0122037,Thriller
tt0139239,Drama
tt0253623,Comedy
tt0149568,Family
tt0112634,Thriller
tt0120036,Drama
tt0114193,Thriller
tt0164114,Romance
tt0124770,Sci-Fi
tt0118011,Thriller
tt0105807,Comedy
tt0195909,Comedy
tt0105395,Action
tt0115836,Comedy
tt0105477,Thriller
tt0192731,Horror
tt0171227,Thriller
tt0109958,Drama
tt0119820,Comedy
tt0104870,Comedy
tt0119640,Action
tt0162211,Thriller
tt0116225,Thriller
tt0128442,Thriller
tt0134614,Drama
tt0119247,Comedy
tt0169828,Drama
tt0117128,Comedy
tt0160298,Comedy
tt0107611,Biography
tt0187231,Drama
tt0117238,Sci-Fi
tt0212720,Sci-Fi
tt0126886,Comedy
tt0107927,Biography
tt0113443,Comedy
tt0109277,Animation
tt0172627,Romance
tt0101701,Comedy
tt0119086,Comedy
tt0102351,Adventure
tt0160127,Action
tt0177789,Sci-Fi
tt0118521,Music
tt0214915,Drama
tt0119177,Animation
tt0103016,Comedy
tt0115742,Drama
tt0113049,Thriller
tt0128232,Horror
tt0209189,Drama
tt0252405,Drama
tt0119626,Drama
tt0162866,Biography
tt0107156,Romance
tt0156901,Drama
tt0112342,Animation
tt0116311,Adventure
tt0120577,Thriller
tt0229371,Horror
tt0227194,Thriller
tt0212712,Sci-Fi
tt0186895,Comedy
tt0111161,Drama
tt0119815,Thriller
tt0113845,Comedy
tt0106185,Drama
tt0252277,Sci-Fi
tt0109443,Comedy
tt0197384,Crime
tt0120576,Comedy
tt0255477,Animation
tt0108186,Comedy
tt0233600,Action
tt0140448,Drama
tt0177698,Drama
tt0108194,Drama
tt0182000,Romance
tt0210701,Comedy
tt0116308,Thriller
tt0112767,Animation
tt0114781,Thriller
tt0116116,Thriller
tt0188055,Thriller
tt0234837,Drama
tt0104759,Adventure
tt0110280,War
tt0110882,Romance
tt0118541,Horror
tt0172519,Drama
tt0199481,War
tt0183306,Biography
tt0120472,Thriller
tt0120255,Drama
tt0115794,Drama
tt0253840,Romance
tt0104046,Animation
tt0211915,Romance
tt0141824,Drama
tt0118589,Romance
tt0145547,Crime
tt0105792,Horror
tt0113870,Thriller
tt0117477,Comedy
tt0265087,Action
tt0311519,Drama
tt0383010,Comedy
tt0439817,Drama
tt0485241,Comedy
tt0305973,Drama
tt0284929,Biography
tt0490377,Drama
tt0307692,Biography
tt0277027,Drama
tt0322259,Action
tt0409182,Action
tt0425321,Drama
tt0376650,Horror
tt0398842,Fantasy
tt0340855,Horror
tt0293832,Family
tt0347304,Romance
tt0499291,Comedy
tt0421729,Comedy
tt0430576,Drama
tt0364616,Thriller
tt0383060,Animation
tt0427323,Thriller
tt0450426,War
tt0445990,Action
tt0439714,Thriller
tt0272338,Romance
tt0456047,Family
tt0323013,Adventure
tt0307681,Comedy
tt0285487,Comedy
tt0430239,Horror
tt0339147,War
tt0490196,Comedy
tt0308644,Biography
tt0457430,Fantasy
tt0424863,Thriller
tt0408345,Thriller
tt0271210,Romance
tt0363409,Comedy
tt0479500,Mystery
tt0417686,Horror
tt0309291,Romance
tt0297741,Drama
tt0375093,Drama
tt0420555,Romance
tt0382330,Drama
tt0315733,Drama
tt0362511,Comedy
tt0393775,Drama
tt0375611,Thriller
tt0402158,Thriller
tt0469785,Drama
tt0423166,Romance
tt0468569,Thriller
tt0265144,Drama
tt0286244,Animation
tt0486544,Horror
tt0457319,Thriller
tt0462160,Thriller
tt0300902,Drama
tt0466669,Comedy
tt0267363,Drama
tt0387357,Drama
tt0412019,Drama
tt0427582,Thriller
tt0458050,Action
tt0304120,Thriller
tt0375878,Thriller
tt0449159,Romance
tt0381601,Sci-Fi
tt0301082,Animation
tt0263534,Action
tt0319061,Comedy
tt0455116,Thriller
tt0265232,Drama
tt0388130,Action
tt0449487,Sci-Fi
tt0305396,Adventure
tt0307553,Thriller
tt0356154,Drama
tt0425210,Comedy
tt0307197,Comedy
tt0366621,Animation
tt0369702,Drama
tt0306047,Horror
tt0343168,Drama
tt0357829,Thriller
tt0362942,Thriller
tt0329485,Drama
tt0483719,Horror
tt0420260,Drama
tt0267913,Animation
tt0283054,Comedy
tt0493171,Romance
tt0284494,Drama
tt0357277,Thriller
tt0363143,Thriller
tt0366721,Drama
tt0337578,Drama
tt0460766,Thriller
tt0265116,Thriller
tt0260414,Drama
tt0268126,Drama
tt0314786,Comedy
tt0349205,Comedy
tt0483703,Drama
tt0298954,Sci-Fi
tt0373051,Adventure
tt0363852,War
tt0401711,Romance
tt0356764,Thriller
tt0329042,War
tt0417751,Comedy
tt0299213,Music
tt0401815,Biography
tt0372303,Thriller
tt0327409,Sci-Fi
tt0428646,Horror
tt0329216,Drama
tt0391728,Drama
tt0281718,Comedy
tt0443584,Drama
tt13617604,Action
tt1320254,Thriller
tt0990372,Mystery
tt1220213,Drama
tt0776804,Comedy
tt12969078,Comedy
tt0855822,Drama
tt1014775,Comedy
tt0929809,Drama
tt1266036,Comedy
tt0989760,Thriller
tt11290556,Documentary
tt1259570,Horror
tt10627352,Thriller
tt10954652,Horror
tt1238304,Comedy
tt0808331,Drama
tt11307724,Animation
tt1232831,Thriller
tt10333426,Drama
tt10756134,Adventure
tt13310936,Comedy
tt0920462,Horror
tt0833444,Thriller
tt1194236,Comedy
tt1343703,War
tt11402172,Drama
tt1275590,Drama
tt11742798,Comedy
tt11790780,Adventure
tt1343092,Romance
tt10327252,Thriller
tt1129435,Drama
tt1035498,Romance
tt13722764,Comedy
tt0840361,Crime
tt0897361,Horror
tt0961066,Romance
tt10845262,Drama
tt0995829,Thriller
tt1049400,Thriller
tt13102440,Thriller
tt0795463,Drama
tt0960066,Horror
tt1130988,Thriller
tt0499456,Thriller
tt1105747,Romance
tt1179947,Biography
tt1185264,Comedy
tt0973783,Drama
tt1129381,Drama
tt1254696,Action
tt0872224,Crime
tt1242522,Romance
tt1263679,Documentary
tt1206881,Horror
tt1307989,Thriller
tt0989000,Romance
tt1176252,Thriller
tt1082599,Comedy
tt12546872,Romance
tt1381413,Drama
tt0990407,Action
tt1244754,Thriller
tt10235600,Horror
tt13131186,Sci-Fi
tt1351672,Drama
tt1105709,Drama
tt1198075,Comedy
tt0940651,War
tt1065329,Comedy
tt1032755,Thriller
tt0887719,Biography
tt1196334,Romance
tt0800320,Adventure
tt10635042,Animation
tt1289437,Sci-Fi
tt1087832,Thriller
tt1318514,Sci-Fi
tt12408808,Mystery
tt0499549,Sci-Fi
tt11527964,Comedy
tt1285241,Thriller
tt1150946,Action
tt0768218,Biography
tt0881891,Comedy
tt1064932,Comedy
tt1326972,War
tt0857191,Drama
tt0862748,Drama
tt0996605,Romance
tt12091980,Romance
tt13544716,Animation
tt0884214,Thriller
tt1094275,War
tt10096842,Comedy
tt1001548,Thriller
tt11012066,Comedy
tt1281374,Biography
tt0831887,Action
tt11618350,Thriller
tt1241195,Drama
tt1025100,Thriller
tt1170358,Adventure
tt1301990,Horror
tt1016164,Thriller
tt0901476,Romance
tt13446424,Thriller
tt1285130,Thriller
tt1075113,Drama
tt10322274,Biography
tt0833476,Comedy
tt1392197,Animation
tt1114677,Comedy
tt10319486,Thriller
tt1390539,Adventure
tt0933342,Biography
tt0978670,Horror
tt14039582,Drama
tt1149361,Comedy
tt1148261,Animation
tt11580854,Drama
tt11213600,Thriller
tt10253466,Drama
tt1781775,Thriller
tt2240312,unknown
tt1740725,Horror
tt1964624,Comedy
tt1946310,Romance
tt2226321,Thriller
tt1957886,Thriller
tt2208568,Adventure
tt1613092,Comedy
tt2207484,Documentary
tt2338454,Comedy
tt2077886,Music
tt2292955,Drama
tt1988774,Comedy
tt2215366,Horror
tt2364774,Thriller
tt1453245,Thriller
tt1728620,Drama
tt1843866,Thriller
tt2011971,Drama
tt2063013,Action
tt1705120,Romance
tt1919174,Romance
tt2024544,Drama
tt1865505,Animation
tt2187115,Drama
tt1650453,Animation
tt1540005,Sci-Fi
tt1515091,Action
tt1911662,Thriller
tt2205401,Thriller
tt1601798,Drama
tt1454545,Romance
tt2066051,Biography
tt2339741,Horror
tt2043971,Thriller
tt1601792,Romance
tt1663222,Thriller
tt1839482,Comedy
tt1935065,Horror
tt2417560,Drama
tt1556190,Drama
tt1470023,Thriller
tt2060525,Sci-Fi
tt2177843,Documentary
tt1857670,Romance
tt1572311,Comedy
tt2126403,Music
tt2168000,Action
tt2364841,Thriller
tt1541123,Sci-Fi
tt2091478,Comedy
tt1616543,Comedy
tt2351177,Sci-Fi
tt1583323,Drama
tt1857913,Fantasy
tt1979283,Animation
tt1417299,Thriller
tt2328549,Thriller
tt2103254,Comedy
tt2125501,Comedy
tt1714203,Horror
tt1560957,Comedy
tt1841642,Horror
tt1982882,Horror
tt1603362,Thriller
tt1549589,Drama
tt1483820,Thriller
tt14418234,Thriller
tt1925435,Horror
tt1630564,Thriller
tt1828289,Drama
tt2369154,Thriller
tt2436046,Action
tt1608776,Fantasy
tt2325539,Drama
tt2118775,Action
tt1935089,Thriller
tt1855199,Thriller
tt1931551,War
tt2238032,Thriller
tt14430410,Drama
tt1640202,Thriller
tt1568150,Comedy
tt1584941,Adventure
tt2376134,Romance
tt1695800,Thriller
tt1708532,Action
tt2327239,Comedy
tt1403988,Romance
tt2014319,Horror
tt1579232,Action
tt1475400,Comedy
tt1570619,Action
tt1493157,Comedy
tt1649444,Thriller
tt2142797,Animation
tt1741243,Crime
tt1663673,Romance
tt2098627,Comedy
tt15010478,Documentary
tt1855236,Romance
tt2243361,Sci-Fi
tt2080374,Biography
tt1922612,Music
tt1710417,Thriller
tt1853563,Music
tt2043865,Romance
tt1727516,Thriller
tt1950186,War
tt2359024,Drama
tt1464535,Thriller
tt2184287,Romance
tt1884457,Thriller
tt1623777,Biography
tt1428556,Comedy
tt2082262,Thriller
tt1617661,Adventure
tt1705952,Adventure
tt2125653,Drama
tt1438461,Biography
tt1438173,Horror
tt1447793,Comedy
tt1999167,Animation
tt3808342,Drama
tt4126394,Romance
tt2976182,Drama
tt4943218,Thriller
tt2905082,Thriller
tt4125300,Mystery
tt3498820,Action
tt3881026,Thriller
tt4949290,Crime
tt4008566,Drama
tt4110972,Drama
tt5061360,Drama
tt3612126,Horror
tt2726560,Drama
tt5125414,Thriller
tt2543702,Thriller
tt2460426,Drama
tt3335048,Romance
tt3168808,Crime
tt3478232,Fantasy
tt3626742,Drama
tt3829266,Sci-Fi
tt3863552,Drama
tt4433646,Sci-Fi
tt4642192,Biography
tt3576084,Comedy
tt3462710,Romance
tt3033080,Thriller
tt3474788,Horror
tt4536768,Adventure
tt4685428,Comedy
tt2577990,Thriller
tt4621872,Romance
tt5129818,Drama
tt5037912,Drama
tt3746920,Romance
tt2567712,Crime
tt3856408,Documentary
tt3063470,Animation
tt4920274,Comedy
tt3505712,Drama
tt2893490,Comedy
tt3089630,Adventure
tt4365566,Horror
tt3734580,Comedy
tt3439114,Thriller
tt3382148,Thriller
tt4555426,War
tt4444798,Adventure
tt4323504,Thriller
tt4192740,Comedy
tt2597126,Romance
tt3970482,Music
tt3620418,Family
tt3169706,Drama
tt5050200,War
tt2450334,Comedy
tt2865822,Documentary
tt3592030,Music
tt4054654,Thriller
tt3272570,Music
tt2466684,Drama
tt3013528,Comedy
tt3646944,Action
tt3499424,Adventure
tt5159414,Thriller
tt4189494,Drama
tt5116410,Thriller
tt3963816,Thriller
tt3313066,War
tt3212232,Thriller
tt2536124,Horror
tt2717168,Drama
tt2781516,Horror
tt3745906,Thriller
tt4008758,Thriller
tt4062524,Thriller
tt3254796,Comedy
tt3662066,Comedy
tt3700454,Comedy
tt3993732,Horror
tt4255626,Romance
tt4616250,Thriller
tt3040964,Adventure
tt4940336,Thriller
tt2507280,Biography
tt4060866,Thriller
tt3681440,Thriller
tt4255110,Thriller
tt4303202,Drama
tt2846134,Action
tt4085696,Music
tt3727690,Thriller
tt3155604,Drama
tt5084198,Mystery
tt4123650,Sci-Fi
tt4129870,Drama
tt2620736,Comedy
tt3059656,Thriller
tt2582782,Crime
tt4258292,Romance
tt4979082,Thriller
tt2918606,Thriller
tt4741708,Drama
tt2669766,Drama
tt3477554,Animation
tt4190530,Thriller
tt4193072,Drama
tt3819668,Animation
tt2876428,Comedy
tt2923316,Crime
tt3560148,Thriller
tt2610768,Romance
tt3618822,Comedy
tt3124456,Drama
tt4419196,Drama
tt4075322,Drama
tt2978426,Romance
tt3474602,Drama
tt4284010,Biography
tt3904272,Horror
tt3249124,Horror
tt3380264,Thriller
tt3608646,Fantasy
tt5831402,Romance
tt6649794,Comedy
tt9271408,Drama
tt5254868,Sci-Fi
tt5278466,Biography
tt8364356,Animation
tt8045670,Animation
tt5704704,Horror
tt7639372,Comedy
tt9850386,Music
tt6149936,Drama
tt9151704,Drama
tt6752992,Biography
tt8785426,Comedy
tt5608972,Drama
tt8106568,Thriller
tt7288408,Thriller
tt9418878,Drama
tt7986222,Comedy
tt6333056,unknown
tt8399664,Thriller
tt5277030,Romance
tt6169694,Comedy
tt6864864,Biography
tt5289520,Thriller
tt9097270,Comedy
tt9610262,Action
tt5848714,Thriller
tt8564902,War
tt8095860,Drama
tt9624766,Thriller
tt9351980,Documentary
tt6673612,Adventure
tt9110170,Horror
tt5862166,Romance
tt6258486,Drama
tt5376232,War
tt5173166,unknown
tt6395306,Drama
tt8160262,Animation
tt8984572,Thriller
tt6359956,Comedy
tt9347730,Horror
tt9741310,Horror
tt8354752,Action
tt6720298,Thriller
tt5639388,Thriller
tt7535756,Drama
tt8472964,Comedy
tt7134096,Thriller
tt9165806,Comedy
tt8694228,Biography
tt8671462,Thriller
tt9138170,Drama
tt5344054,Thriller
tt6836936,Action
tt8116640,Comedy
tt5723056,Documentary
tt7068942,Thriller
tt5982852,Comedy
tt5691024,Comedy
tt6510332,Animation
tt7296862,Thriller
tt7294534,Romance
tt5267472,Comedy
tt7984766,Drama
tt5290620,Comedy
tt8562562,Thriller
tt5460276,Thriller
tt5445074,Thriller
tt9086228,Family
tt5638474,Romance
tt8043092,Romance
tt8006926,Drama
tt8144778,Thriller
tt8753660,Horror
tt6294822,Drama
tt6391282,Thriller
tt8743064,Sci-Fi
tt5294198,Comedy
tt6053438,Drama
tt6294892,Thriller
tt5662932,Horror
tt7329810,Comedy
tt6401004,Horror
tt5867800,Drama
tt7692434,Thriller
tt9911196,Comedy
tt7881524,Thriller
tt6138688,Fantasy
tt5913184,War
tt7544820,Comedy
tt5542802,Romance
tt9625664,Thriller
tt5588850,Music
tt8099236,Drama
tt6143782,Horror
tt6363436,Adventure
tt7441032,Thriller
tt6548966,Animation
tt9742392,Drama
tt6609088,Comedy
tt5431016,Drama
tt6295898,Comedy
tt5548032,Thriller
tt6827430,Drama
tt5565670,Drama
tt5657856,Thriller
tt8521876,Comedy
tt6423362,Romance
tt8017136,Thriller
tt8108202,Horror
tt5458566,Thriller
tt8246392,Action
tt5946128,Drama
tt5275892,Documentary
tt6335734,Romance
tt5988370,Drama
tt6206564,Thriller
tt7453138,Drama
tt7653254,Drama
tt8368512,Thriller
tt5532370,Comedy
tt9204204,Comedy
tt8178486,Mystery
